item,cat,price,quantity
90,42,20.87974371,82.00274423
85,58,21.77046169,80.31964408
60,55,23.00445915,82.3207629
74,35,26.49109635,80.15836264
78,42,20.13017482,81.60487287
69,37,23.05804872,83.37011772
69,55,22.70883798,82.63941394
94,53,20.27774362,82.89408619
89,54,24.51588066,83.5352163
68,58,23.22397386,83.03322691
91,53,26.52723513,81.41753846
90,46,23.97898217,81.45061596
78,58,26.80079604,80.88684822
93,56,24.01497622,82.05687182
94,50,25.66585205,80.66385045
60,48,24.28209415,80.30025587
85,38,21.58711777,82.7883708
91,35,23.79391957,80.41817957
77,38,21.8652524,80.1923008
88,35,23.57943626,83.58760316
89,45,21.32504158,80.47476396
76,40,25.15745531,83.11713476
67,59,21.94766735,80.97384195
83,41,21.0525355,82.67839517
98,47,23.48381344,81.33265073
66,53,25.0756354,80.52389148
97,59,26.35927159,84.04403589
97,50,24.52922681,80.54498576
60,49,20.77576147,84.49774397
84,51,22.30157427,80.64416466
73,57,21.44653958,84.94375962
92,35,22.17931888,80.33127223
85,37,24.52783742,82.73685569
98,53,20.26707606,81.63895217
88,54,25.7354293,83.88266234
95,55,26.79533926,82.1480873
99,57,26.75754171,81.17734011
95,39,23.86330467,83.15250801
60,43,21.01944696,82.95221726
63,44,24.17298839,83.7287574
62,42,22.78133816,82.06719137
64,45,25.62980105,83.52842314
83,60,25.59704938,80.14509262
82,40,23.83067496,84.81360127
85,52,26.31355498,82.36698992
91,35,24.8972823,80.52586088
76,49,24.958779,84.47963372
74,39,23.24113501,84.59201843
79,43,21.66628296,80.70960551
88,55,24.63544858,80.41363018
60,36,23.43121862,83.06310136
76,60,20.0454142,80.3477562
93,56,23.85724032,82.22572988
65,60,21.97199397,81.89918197
95,52,26.22916897,83.83625819
75,38,23.44676801,84.79352417
74,54,25.65553461,83.47021081
91,36,24.44345477,82.45432595
71,46,20.2801937,82.1235421
99,55,21.7238313,80.2389895
72,40,20.41447029,82.20802629
83,58,25.75528612,83.51827127
93,58,20.61521424,83.77345559
70,36,21.84106875,80.72886384
76,47,20.08369642,83.29114712
99,41,24.45802087,82.74835604
99,54,21.14347496,80.33502926
86,59,25.78720567,82.11124033
69,46,23.64124821,80.28597873
91,56,23.43191632,80.56887849
61,52,24.97669518,83.891805
67,45,22.72791041,82.1706881
79,42,24.87300744,82.84022551
78,43,21.32376327,83.00320459
75,54,26.29465461,84.56919326
97,36,22.2286982,81.85872947
67,47,26.73072391,81.78596776
73,35,24.88921174,81.97927117
77,36,26.88444878,81.46033732
81,41,22.67846116,83.72874389
68,57,26.08867875,80.37979919
72,45,25.42977518,82.94682591
61,53,26.40323239,81.05635517
67,43,26.04371967,84.96907151
67,58,25.2827223,80.54372813
66,60,22.08576562,83.47038318
82,43,23.28617173,81.43321641
84,50,25.48591986,81.40633547
81,53,23.67575393,81.03569343
91,50,20.82477109,84.1341879
93,53,26.92995077,81.91411159
90,44,23.83509503,83.88387074
81,45,26.52872817,80.12267476
78,40,26.46428311,83.85642678
60,51,22.69657794,82.81088865
88,46,22.68319059,83.46358271
93,47,21.53346343,82.14004101
60,55,21.40865769,83.3293191
78,35,26.54348085,84.67353597
65,37,23.35905428,83.59512273
71,54,22.61359953,63.69070564
61,44,26.10018422,71.57476937
80,43,23.55882094,71.59351368
73,58,19.97215954,57.68272924
61,38,18.47891261,62.69503871
68,41,21.77689322,57.80840636
93,41,25.6217169,66.50415474
89,60,25.19192419,66.6902901
76,44,20.41683147,62.5542482
67,60,24.92162194,66.78627406
70,44,23.31689124,73.4541537
90,49,24.84016732,68.3584573
62,52,22.27526694,58.84015925
92,44,18.87751445,65.76816093
66,54,25.19008683,60.2001687
63,58,18.25405352,55.28220433
70,47,24.6129118,70.4162444
61,41,25.1420613,65.26185135
66,53,23.09348056,60.1159381
74,55,18.05033737,62.89366992
77,57,24.9321581,73.80435276
99,50,18.14710054,71.09445342
74,56,18.28362235,66.65952796
83,45,18.83344471,58.75082029
100,48,25.71895816,67.22190688
79,51,25.33797709,68.49835977
94,39,23.89114571,57.48775781
75,49,21.53574127,71.50905983
78,48,23.08974909,63.10459626
87,54,25.61707368,63.4711755
87,35,21.44526922,63.1621551
63,43,18.51816776,55.53128131
84,57,22.53510514,67.99257471
64,35,23.02038334,61.89472002
60,46,24.89364635,65.61418761
98,44,25.77175115,74.089114
75,56,19.39851734,62.35750641
86,55,21.54156232,59.64024162
98,35,23.79746068,74.82913698
76,57,18.9802729,74.52600826
99,56,24.10859207,73.13112261
60,44,24.7947077,70.04556743
74,48,21.63162756,60.27766379
89,60,25.37548751,57.21025565
69,51,22.21738222,72.85462807
96,46,20.58314011,69.00128641
61,60,24.87502824,68.74248334
74,58,20.03728219,56.35606753
74,43,25.95263264,61.89082199
63,43,19.28889933,65.47050802
99,36,20.57981887,65.34583901
77,36,24.71417533,56.73426469
87,60,20.27317074,63.91281869
60,38,18.41932981,64.23580251
94,54,23.39128187,61.74427165
95,38,19.84939404,61.24500053
84,44,21.869274,61.91044947
77,58,22.8056033,56.50768935
66,44,19.0781471,69.02298571
63,35,22.02720976,65.35549924
79,45,23.80546189,59.24537979
72,60,18.52510753,69.0276233
67,51,23.50297882,61.32026065
86,36,26.54986394,72.89187265
76,48,19.29563411,69.63481219
75,53,20.68899915,59.4375337
81,45,19.32666088,68.034493
73,45,24.60532218,73.58868502
71,35,22.27373646,59.52193158
96,54,25.70196694,61.33450447
99,39,19.20129357,68.30578978
62,48,21.70181447,60.47470519
86,37,20.51716779,59.21235483
94,50,23.30355338,73.62548442
76,39,24.2547451,55.64709899
77,52,24.86374934,65.7420046
74,39,22.6265115,65.77472881
81,49,18.04185513,60.61494304
63,42,23.26237612,72.33125523
99,38,22.88330922,71.59722446
90,52,25.97482359,69.36385721
68,40,26.14384005,66.20569924
60,57,18.66116213,61.55327249
71,52,25.10787449,55.97732754
61,59,23.33844615,59.24580604
88,38,25.08239719,65.92195844
65,60,25.36768364,72.52054555
78,37,25.34217103,63.31801994
78,58,25.00933355,67.816568
92,60,18.66746724,71.516474
79,59,20.37999665,63.73849998
91,55,18.09300227,72.61024172
76,51,26.16985907,71.96246617
87,48,18.65396672,61.37879671
71,60,26.07470121,59.37147589
90,57,18.92851916,72.80086137
67,35,23.30546753,63.24648023
60,54,18.74826712,62.49878458
83,58,19.74213321,59.66263104
83,57,25.73044432,70.74739256
40,72,17.02498456,16.98861173
23,72,19.02061277,17.13159126
39,58,17.88776475,15.40589717
22,72,18.86805647,15.65809214
36,67,18.36952567,19.56381041
32,73,20.45078582,15.40312102
58,70,20.6543203,16.60820843
59,70,17.3348681,18.74926979
42,62,18.17912258,18.90426935
28,74,18.01272266,18.30968112
58,66,20.99373558,19.33470387
43,66,19.46233971,15.22538951
58,63,19.81344531,14.69765308
23,62,18.97424756,19.5161216
27,62,18.19737048,14.71070537
28,72,18.72963144,19.18197264
50,56,20.99502153,19.8601304
39,71,20.28155898,16.39535215
25,78,17.48042641,15.7559405
31,70,20.88818675,14.32313811
26,80,17.08498521,16.14565756
25,68,20.09340593,15.11279612
31,78,17.57212145,14.99927489
60,68,19.12065218,18.43475844
59,62,18.57665902,19.22008229
22,67,17.16606398,14.42457525
36,65,18.2872007,16.67921616
59,60,19.03025305,18.66725565
54,77,17.1418614,17.0662427
43,68,17.47809436,17.93253975
28,76,20.56601874,14.25803981
42,79,17.22385224,15.82069268
32,60,19.69141713,19.44225438
22,78,17.84851658,19.09172907
31,79,18.8202251,16.1074793
28,58,17.47500984,16.54314829
57,58,18.72649425,17.58406365
49,55,18.65580107,16.17772668
46,76,18.2356751,19.68538502
54,61,18.81198127,15.21618225
38,60,18.65054116,17.80852431
59,55,20.36720401,16.89574311
36,76,18.38120357,16.63805158
57,68,17.17012591,17.30457712
35,66,19.37101121,15.77458129
35,64,17.92845928,14.27327988
52,60,19.45339934,18.23490739
27,76,19.12829388,14.92241479
57,60,19.1034283,17.26184541
52,68,17.48504075,16.96070581
43,79,19.40751744,18.98030507
44,74,20.18649426,19.63719995
24,55,17.30287885,15.15405941
29,77,17.50361137,15.48083156
20,60,18.17234999,14.70085967
56,67,17.57445618,16.71826572
37,66,20.93175255,18.91295403
49,71,19.71098332,17.63879418
59,69,19.07937684,17.86754927
20,79,18.54988627,16.02542689
24,56,18.19903647,17.41333199
51,72,18.88852533,14.99451145
57,73,18.49311205,14.72115044
22,64,19.48974337,17.17260319
52,73,17.25769499,18.74943955
29,75,19.62416326,18.71483156
44,59,20.67526473,19.85388984
41,69,20.02381489,16.63294455
52,56,20.1187446,14.44228303
34,76,20.65691793,15.84572566
42,74,19.2582557,14.2804191
34,71,17.927806,15.85622899
27,73,19.16288268,15.83500655
30,70,20.26942271,19.96978871
57,57,17.09104223,18.25142068
27,79,17.06579293,17.54024066
32,71,20.62767492,14.44008871
31,76,20.8248451,17.85057083
33,75,19.46210401,18.72831993
47,80,17.18248372,16.42891834
54,62,17.48911699,16.39055394
47,79,17.48395377,14.76014523
35,57,19.48316794,17.44534641
53,73,19.71359733,18.09665739
45,61,19.48649305,16.06240074
37,78,19.95264829,14.82633099
30,75,19.41789736,16.80472243
37,55,19.45591848,18.02235902
53,65,20.19137759,16.41998269
22,60,18.8392908,14.74071856
60,61,20.71219282,19.83643308
42,67,18.99424448,15.9362937
39,76,19.96837462,15.57324389
35,63,17.81564548,17.60756635
30,65,20.71424384,15.27824066
57,56,17.34150229,18.75626255
48,65,17.43732714,14.33847406
36,56,18.89780215,19.76182946
40,58,18.59190771,14.77959596
49,69,18.31561493,15.36143547
13,60,17.13692774,20.59541693
25,70,19.63474332,18.90705639
31,55,22.91350245,21.33953114
40,64,16.43340342,24.24045875
2,61,22.13974653,23.02251117
26,65,17.84806561,18.77621951
17,57,19.88394011,20.31564139
26,80,19.32509638,23.3334788
17,59,18.4167001,23.42829938
27,59,21.81167649,23.20591245
28,58,19.72702528,18.28173015
25,57,17.15432954,19.87070659
28,80,19.62207826,18.67170854
25,60,21.63149148,21.17919701
12,78,16.06522754,18.72479695
6,77,20.61162204,24.36314135
22,79,21.42451099,20.39659714
27,80,19.07096165,21.21092266
10,55,21.18853178,19.63438599
23,65,23.0429097,22.42610972
19,78,20.65375833,23.10538637
19,65,18.09551014,18.29318436
22,70,18.23775702,21.07643273
37,64,17.48189735,18.8251973
11,71,19.9191786,21.47324158
18,79,20.27514686,23.2353604
21,63,15.77370214,19.2303162
24,80,16.71170642,19.17651433
34,60,17.66148158,18.15302753
16,75,18.50692825,23.61670065
17,77,24.51324787,20.81527638
37,72,18.87614998,24.54038287
40,73,21.59343016,20.31871249
9,77,20.12373284,24.45202552
1,62,15.43546065,18.37477907
33,59,22.64236876,21.59396123
23,59,21.98560799,24.87304788
6,62,20.53052663,18.09224048
25,63,15.78601387,21.14544088
7,79,19.6365349,19.68751084
8,72,20.57341244,19.7520218
27,64,20.16080524,24.84207559
28,66,21.53989176,24.25386207
32,57,15.53834801,23.75560241
27,56,19.91853092,20.70099804
17,77,20.76952209,18.93146941
0,65,23.46168338,23.22197648
13,72,24.32116642,21.0278674
34,60,20.12574053,24.96969858
9,80,21.80619564,18.57086554
11,72,19.52226241,24.92607153
3,67,17.00067625,19.90790546
35,69,16.78791503,24.96881755
3,77,24.84906168,22.89464642
23,62,16.51783455,20.4555596
22,71,18.15300153,19.38602098
31,79,23.18864385,22.3104551
34,59,23.38002569,21.98879437
12,63,18.358923,19.37703396
27,56,19.25975367,20.51346956
7,63,22.95458237,24.03553105
24,67,20.120043,22.89845607
11,71,21.14011423,22.7182355
37,74,24.92360104,18.22590825
25,76,15.33042636,24.91506728
34,66,18.81097271,21.27833035
20,69,23.44260668,22.77255917
37,65,22.8352024,18.97267518
18,74,24.9035819,22.27512704
4,67,23.78709569,24.35679348
37,56,22.05592283,19.60379304
5,59,18.87492997,20.18238348
11,61,18.62328774,23.02410338
22,80,23.00884744,18.86880997
12,61,19.33162606,24.13995025
5,74,16.24469193,21.35793891
27,69,17.91652287,24.90814655
31,75,15.46789263,21.43780702
36,68,17.06104474,23.77201471
5,65,21.32776028,18.48522915
32,79,23.90910104,20.74619325
11,78,23.89756791,22.74378977
0,55,22.98666928,20.57940608
14,59,21.35135729,22.91244883
29,68,24.1638445,19.27907819
32,68,24.62835037,18.18325169
17,64,21.02213209,24.93896255
13,69,17.30844532,20.01730914
14,67,23.82576704,24.75485098
9,69,19.30607278,23.96362799
20,73,16.03768615,22.33195853
40,78,19.18572809,20.83398341
27,72,19.92889503,21.79992115
14,67,19.56376468,24.67385131
7,56,18.31357543,24.32991649
27,65,20.10993761,23.22323766
30,63,23.60506572,21.90539577
37,70,19.73136909,24.89487354
27,63,20.93409877,21.1893007
22,60,18.78226261,20.24768314
3,72,36.51268371,57.92887167
40,59,36.89163721,62.73178224
33,73,29.23540524,59.38967583
27,57,27.33534897,43.35795962
10,79,21.0643684,55.46985938
30,75,30.33276599,42.35249879
40,70,31.80130272,45.03186173
38,55,33.18184225,38.23184742
35,58,29.38538562,63.47742011
38,61,30.27374995,67.38680755
33,58,35.45790488,68.75810535
16,56,33.80020039,40.03262418
31,72,28.69180475,49.47225353
16,80,31.24021696,56.67369054
27,72,28.98039357,57.23265151
40,62,27.32198928,34.13737127
18,58,21.47607807,38.80023714
3,68,18.31910448,34.69776639
26,67,36.97794384,37.73992903
16,70,24.80467592,40.1242747
24,63,19.3479443,55.96805489
9,76,28.88302142,50.12323801
16,55,19.54314136,47.19188279
28,75,24.7741949,50.54621094
16,71,18.33124824,38.40975482
24,70,19.14729038,45.3733757
38,72,28.23416057,49.4421345
9,66,30.11812084,34.13307843
34,56,33.4126864,35.42910045
1,76,24.18553163,46.68746847
6,69,26.88630675,41.69617915
26,73,31.33170829,57.97429171
27,61,33.30711818,67.07780816
27,71,23.45379018,46.48714759
36,61,34.53823889,39.04468913
17,73,19.50112224,34.51086611
26,72,28.76794904,37.57792132
17,64,30.97758716,32.24914235
14,74,18.39759147,36.82639309
39,60,35.09357419,30.98685456
6,66,34.93174223,30.40046769
8,59,29.50523036,35.72032498
2,67,34.51934775,47.52980027
1,76,28.43430726,52.10010827
16,73,18.41645629,34.80541039
23,75,31.07508973,47.19847683
32,70,20.89342749,46.24856523
28,59,30.90607799,52.79913039
5,62,27.9348279,66.45457122
36,67,35.95176642,36.52780776
1,66,19.54317155,56.92831399
24,73,19.63736208,32.31528909
17,67,31.2192752,56.46868874
5,55,33.50876355,45.70976142
5,56,24.80710166,45.01110015
37,77,36.20970524,31.94550613
13,73,30.50420876,35.48885969
6,63,26.01630259,49.94704718
16,77,31.48469278,35.6395615
25,64,33.15122581,32.45974539
34,75,23.50222822,51.29019509
20,77,34.87248659,38.83786012
35,80,28.09269012,44.93322042
14,75,24.54757829,57.3414485
36,80,33.64769646,48.41490082
7,77,20.5591255,60.54880693
29,78,19.95991719,59.33157782
30,60,28.87667593,62.4901206
20,74,36.04353699,43.61444121
19,57,23.6734328,47.2879691
3,60,25.74679443,40.7192594
5,77,31.08564994,66.68832981
5,68,18.72987676,61.33186249
37,73,29.50304807,63.46513414
9,59,20.43517772,39.37252634
20,72,36.00415838,56.01334416
31,56,31.46846241,35.39454002
0,70,36.30049702,56.03021253
21,74,29.49096726,67.10604388
13,67,30.5753044,34.75591197
27,74,24.69487673,59.96669215
29,72,23.17409556,36.67847052
5,68,19.04380471,33.10695144
39,57,29.32379604,45.93248374
22,62,34.6455408,54.32342534
18,55,21.9989826,56.31006755
39,77,22.99774444,60.24218572
13,75,30.55992394,35.29006485
27,71,31.46417866,48.17631461
26,64,25.95058595,40.58227261
23,55,21.01142393,69.69141302
4,69,19.25100056,47.70351758
20,67,19.24462755,50.54495302
7,74,22.47253208,62.56532471
17,64,36.75087487,58.25799145
35,71,29.89286629,66.35375127
11,72,29.37735586,44.82294584
20,60,29.65052947,42.89833235
10,71,19.54284889,66.34777265
33,61,20.04611791,48.93905624
3,49,27.91095209,64.70930606
22,59,27.32220619,51.27868781
36,58,28.66024187,59.3189118
4,43,29.02955344,61.09387478
29,54,27.78031515,54.65030015
32,43,31.99928579,54.1077461
14,55,27.33580911,55.27755933
5,35,28.92952635,53.57014709
25,57,27.65472156,58.59986279
11,53,28.52396666,55.77264351
40,49,31.02215872,45.89239456
38,56,25.74095321,45.38497051
27,43,31.70447482,56.85420099
24,38,24.47876451,58.51663927
23,45,31.46511256,51.79939437
29,57,25.60973447,50.7330069
31,35,30.30260453,47.18283631
0,55,28.17489437,43.6672299
7,45,25.50634557,44.8302551
17,58,31.12896766,43.58788762
11,44,26.34043268,55.59160391
22,49,28.23494706,61.5620517
9,51,27.04453473,49.32609633
28,48,25.16125354,55.25435777
26,50,27.3179125,51.66921088
36,56,25.4123765,49.66474269
8,60,31.21629982,46.01868196
24,37,30.573999,58.22686794
22,43,25.42517036,53.2208266
36,43,27.09400578,43.65305437
22,44,24.30935081,56.32938343
17,43,30.06142622,45.90067655
8,45,28.09568993,60.9835384
7,56,26.33908791,40.00933429
36,57,28.61409059,57.14218792
11,45,28.70012137,44.359648
6,36,24.21610338,59.79236306
17,57,28.50677929,45.20094476
4,47,25.97948991,64.95585424
9,49,30.88482722,41.36561835
25,51,25.5042419,61.66852372
36,44,25.12528913,51.33189406
21,38,27.10508014,63.56791363
37,57,31.1006247,44.82069159
32,48,26.45707778,56.40226277
29,44,30.04132304,63.56222995
25,51,27.77799528,54.82130787
10,44,30.99256944,43.02151392
23,35,26.4908332,47.36534833
9,60,31.96987867,57.17377029
3,58,25.36140526,46.82652785
22,42,25.54249137,56.96640758
12,39,28.99319096,62.85948245
39,36,29.34317422,60.50320928
32,41,28.63618921,61.39451307
30,41,24.83206631,44.17085032
19,36,25.44689075,58.55363573
4,46,31.01274943,62.40392519
21,39,27.06179658,52.3003173
35,57,27.0956288,42.26206161
22,55,28.56800579,57.30636014
35,51,28.79929247,49.84213387
17,56,27.94293692,45.41393636
28,57,30.47757686,61.58245338
22,36,30.58139475,50.77148138
11,41,26.85911286,41.81420849
38,38,26.31051759,61.18749126
23,37,28.77833449,44.2252605
25,35,28.90245417,43.35365671
40,45,29.37687468,57.69622912
23,58,24.17093241,58.25204566
2,56,26.65333029,59.79023382
3,56,28.19912143,53.50567601
26,51,28.76488954,52.62741529
39,42,29.3499706,61.25353851
27,59,28.00937423,52.60950014
24,45,26.85851927,48.8246387
7,40,31.2123945,40.92604945
15,45,24.20422636,61.43378674
26,52,29.98835437,49.60384796
20,45,29.93964907,54.61813464
34,54,31.2119298,41.55934359
19,51,26.80474415,48.23991436
29,41,31.49398069,62.84916863
20,50,30.99694676,46.42693735
11,40,29.61253065,63.04749127
15,54,29.97604322,57.03184356
35,55,30.88883074,52.62696801
9,59,30.39321309,60.16299493
40,45,30.43683729,55.20522037
35,38,25.32688786,63.18180319
14,58,30.53684308,59.96664731
40,55,30.38257873,40.5926071
18,36,24.01825377,53.76623369
35,52,28.69841277,61.14754363
4,59,29.33743412,49.00323081
22,51,27.96583691,61.34900107
33,47,24.86803974,48.27531965
2,51,25.87682261,45.96341933
16,51,31.01963639,49.9767522
19,55,27.43329405,87.80507732
8,54,28.3340432,80.77275974
36,55,27.01470397,84.34262707
10,56,28.17432665,81.04554836
22,56,29.87888063,87.32761241
9,57,29.89232778,89.71503316
34,59,28.56212158,83.24855855
31,51,27.53592929,85.5701901
0,49,29.68361658,87.93598094
21,39,28.14448546,82.1193047
28,35,29.53037621,86.73346018
17,52,27.88352946,86.45147631
24,42,28.22471276,82.35916228
28,46,29.008124,84.96089355
21,38,29.75538903,86.45193297
34,60,29.78416743,85.16906976
19,53,27.8640132,80.4513142
31,58,27.11026483,84.96771717
19,35,27.11030369,83.64274107
24,53,28.95451232,89.07866095
13,47,29.21780035,87.93724219
31,53,28.7420098,85.81675947
28,45,29.65021184,80.29868321
31,37,27.23924995,86.404241
33,60,28.95172351,81.67085323
34,45,28.18837136,82.60629652
13,57,28.30041493,86.20681554
33,57,27.89636126,88.71782287
32,57,28.6899851,87.50436797
23,59,27.8262623,88.73100226
35,41,28.70562673,81.59200689
6,48,28.6362812,84.61431076
29,36,28.28511547,88.4393979
4,36,27.60887393,86.13316408
10,59,28.60901145,86.99495766
14,48,29.24598976,84.80084105
8,50,28.62911222,89.1148059
20,40,29.57329479,88.07505524
36,43,27.82684262,87.16679147
14,57,29.8757015,83.14796296
11,60,27.33684386,88.50229102
10,59,29.83040388,89.30428305
7,60,28.2753171,82.76020821
2,47,29.86860065,85.99127934
20,45,29.5888162,89.9939693
2,39,28.07219563,82.9116472
27,40,27.84026517,89.99615558
35,48,27.10818093,87.4512669
4,59,27.68515114,81.94268594
1,48,29.34594634,85.60472562
36,43,28.36319404,84.8593608
11,46,27.65280218,89.80650642
34,47,27.31372793,85.44815232
21,44,27.06909959,86.89934108
17,58,28.06642822,85.91625451
25,40,27.73329078,81.13903037
2,38,27.53632932,89.92908171
9,48,29.66461594,84.28187572
37,49,29.9145443,85.85384444
36,38,28.36363858,87.59810657
40,58,29.46416042,87.60890009
30,44,29.73013036,82.89166381
1,59,27.46852989,87.17649
9,48,27.77076285,87.09979549
14,41,29.12939524,88.48312598
35,52,27.10606808,89.89593328
31,48,28.88078945,86.94206817
4,41,28.14720892,83.8001509
30,37,29.89129144,80.14487166
9,35,27.41503453,80.98004661
20,41,29.27308605,89.4875022
37,50,29.65296893,88.48587386
34,35,28.44524991,82.67639542
14,37,27.96235681,83.97586797
23,39,29.25649321,81.97952224
5,45,28.36291385,88.00989267
22,37,27.62749466,86.49366929
40,51,28.66086349,86.12194568
27,56,29.2114218,87.11497805
31,40,29.40889385,86.16063492
38,36,28.02952623,84.8845732
6,37,28.08657178,80.35005927
6,47,29.16174608,80.28038146
24,44,29.8596912,80.03499648
25,59,29.06631494,83.6869203
32,56,27.38538997,88.66663953
8,45,27.93034941,85.42058715
19,39,29.2808618,81.8009244
39,37,28.9973145,83.78911515
33,37,27.92678579,86.5543196
26,54,28.5474135,88.9570454
21,51,29.36488409,89.1886954
22,54,28.56149805,83.63802195
29,45,28.43683487,87.91332682
4,40,28.79728147,80.45744422
10,37,28.7275267,89.12760359
4,44,27.95639663,83.52706038
20,45,28.17458662,83.69659318
23,45,28.77653519,86.69133979
25,48,28.438097,83.48991368
56,79,29.48439992,63.19915325
25,62,26.73433965,68.13999721
42,61,26.27274407,62.28814857
42,73,34.03679184,67.21113844
44,58,28.03644051,65.06601664
50,55,28.81460716,65.33538112
35,72,34.03619494,64.28791388
30,64,33.8642935,61.57072498
27,64,32.84213012,68.68401492
50,74,27.10053268,63.36085585
39,73,25.65842532,61.18235808
57,67,32.34744009,66.61452812
52,63,29.58949031,68.32176769
55,66,30.91219459,68.79427388
51,56,28.12787838,64.2097765
36,66,30.08545364,69.34811988
59,55,31.74379487,62.51007687
50,58,27.81326852,62.50460464
30,65,32.88733849,64.59457409
20,62,29.36358721,64.98742947
58,71,27.82592799,67.5861883
25,71,28.49538735,60.44848407
52,71,27.74274761,68.53997144
40,63,30.41588462,67.66323804
20,60,27.3254209,69.09047809
48,61,30.28496619,61.69295127
49,68,28.56840626,61.53278622
48,62,25.36586097,66.6379724
32,66,34.9466155,65.26774011
21,63,25.09737391,67.72837887
20,72,32.47648301,64.34848735
25,65,33.86351172,68.59232289
41,78,25.19857725,60.37332688
53,67,31.77681682,69.01852894
39,60,34.89814946,63.59948557
25,76,31.74105409,68.63525428
21,78,27.16159076,66.76017239
57,60,26.23773129,67.88521396
56,75,30.20157245,60.06534859
49,72,31.55846339,67.83563765
24,80,29.67892453,69.0854554
49,76,27.05365239,67.7017527
28,68,34.63880966,61.38597868
55,78,33.39438752,62.93692886
50,64,28.84079155,63.37230676
34,80,31.49338309,63.0563645
20,68,25.54960633,63.95425534
55,67,34.37329112,69.69366426
23,70,34.6008247,63.11296779
53,74,29.43463808,64.94329356
26,67,29.10713092,67.90577375
33,80,28.57006111,65.71765781
37,79,27.54384835,69.3478631
33,75,33.04687968,68.93875631
22,55,33.95309131,69.96100028
20,68,30.11873003,60.11680815
43,68,29.57812712,66.17587668
44,76,27.26458947,68.01232937
34,60,31.35730791,64.24992106
21,72,31.52104732,66.55723677
25,68,29.39982732,64.25510719
41,62,29.38400259,64.14928485
28,65,28.38686534,61.88871127
35,64,28.47442276,63.53604453
52,58,30.64095781,61.14508627
58,75,25.25596239,61.36669662
34,66,32.97030511,60.18122078
52,70,33.66855394,66.60416867
23,57,32.83963757,67.99803573
42,58,27.45853567,62.90020977
37,62,25.68576704,69.84354028
44,75,30.0328403,64.14800537
21,80,28.20667264,68.27085245
56,76,28.27265858,61.18956161
29,76,28.5417236,64.2020154
43,61,26.87187036,61.61367264
55,60,32.79766751,68.77994074
44,63,26.42333018,64.51136845
29,67,29.79181107,63.38789228
47,63,27.44003279,67.10464369
40,68,34.1262979,65.14877461
58,61,30.94908189,64.23364112
41,74,28.75751783,61.02701476
58,79,27.24766491,66.10123083
27,62,28.63005477,66.770943
27,60,26.41768321,63.64698302
52,65,32.81705216,66.15665137
44,55,29.6321052,65.91359954
21,62,33.49077065,62.73317204
60,59,31.86847286,66.74217464
33,77,30.32992227,65.62971858
59,58,28.546224,66.31394098
29,63,30.02629908,67.88811637
59,63,31.65531175,60.13263713
29,70,30.33499674,63.54718862
58,73,33.36984395,65.67718163
55,77,31.4345059,62.99303471
42,79,27.71678273,63.29103387
44,77,32.63918668,61.3009051
38,62,32.7477393,67.77954584
32,76,28.05153602,63.49802189
13,61,19.44084326,63.27771461
38,60,29.84823072,60.63872613
11,74,21.36383757,69.92375891
37,71,26.28663931,68.51966729
29,71,22.17499963,62.13873825
2,72,26.57597546,60.97876599
6,59,26.58972517,66.14007674
13,64,19.1345771,62.57526895
8,58,28.75273118,69.15640149
6,77,25.78746268,60.2816298
2,75,23.89271875,61.78779413
3,69,28.67408774,63.18832976
27,80,28.42062847,61.77336343
39,78,21.35499456,62.60136323
40,79,21.12695586,63.18738532
37,62,24.02037872,61.62313345
31,60,25.40474421,65.8567539
22,67,29.03017561,64.49166566
3,78,20.21368219,68.65257685
4,80,29.19585548,68.01965728
13,61,18.29783597,69.6897615
12,66,27.41434987,63.41785982
4,61,24.84063998,60.09116626
9,60,29.94413861,67.31323084
18,66,25.87990287,67.55109024
32,56,20.0467711,65.84395319
6,72,22.99451999,66.70897237
15,77,25.13163619,66.92642362
0,65,28.49584395,62.44616219
30,79,18.28766124,69.48515056
3,63,24.38041875,61.18458224
2,78,21.31852148,66.43934593
10,78,18.54141834,62.70637578
14,67,25.28710601,60.85993533
39,65,25.43459777,69.12613376
19,72,28.83600962,69.76112921
18,57,27.37659643,63.93927841
31,58,28.31886863,60.19461399
28,58,27.4818649,62.04814951
5,65,18.28072173,68.10365387
16,65,27.61204997,69.29786244
34,65,23.43974653,63.22011726
14,69,20.95628486,63.68128841
22,55,23.7937153,68.03209183
24,61,22.6371424,65.44544859
2,79,21.53577883,65.47227704
26,63,29.87854588,65.73085206
27,61,25.2653291,67.10004577
24,70,25.17885316,68.93307305
13,74,24.12192608,61.09533545
6,64,23.33565221,67.40460704
12,58,21.74600081,63.39503184
32,79,27.60195453,63.46170674
6,68,24.388717,62.50453062
10,79,24.98287462,66.895409
38,77,28.234829,69.3159965
17,74,26.03026959,69.55863145
26,68,28.04849594,64.07691942
23,75,24.87425505,64.00213929
32,78,23.97081395,62.35557553
19,79,20.06003985,67.76252583
22,60,19.59221047,61.28633405
28,69,29.77013109,66.29327012
1,67,27.52135365,60.53657684
12,67,25.62896213,63.14909763
36,67,20.39078312,60.47528931
28,70,25.39038396,60.4989659
12,71,24.91079638,60.71367427
22,68,27.70496805,63.20915034
26,66,18.06486101,65.1034354
16,65,18.13027797,62.45851612
14,59,23.82723528,67.89815262
33,59,23.19305333,62.74710773
21,63,25.08966129,68.17543102
0,69,25.86928193,61.88321072
10,75,18.43966037,68.05394959
30,61,27.14911056,67.02664337
0,74,23.33375853,64.50515776
35,74,26.7230014,62.96841833
7,63,19.55750776,64.45268309
9,56,26.13708256,66.7729209
14,74,27.99990346,65.57653373
14,76,29.05941162,62.10652364
36,65,25.71269843,64.1123333
28,67,21.79792649,63.73086065
28,79,24.70626432,60.26854183
40,61,20.94981756,65.8108757
10,70,24.84918386,68.98088448
12,80,21.91041045,65.21662467
37,77,25.93381964,68.70533022
0,67,29.82112112,69.4073209
7,73,27.52185591,63.13215259
10,56,27.99627907,68.6428593
39,70,20.76774783,63.90164154
26,56,23.05276444,60.424786
9,77,21.65845777,63.58337146
4,59,26.25070298,67.62779652
34,73,20.97195263,63.83179889
33,77,23.89736406,66.32102048
2,24,24.55981624,91.63536236
6,18,19.65690085,89.93701023
8,26,18.78359608,87.4024767
37,18,24.1469628,94.5110662
0,27,22.44581266,89.90147027
31,25,24.96273236,92.40501423
21,21,22.5526059,89.3259486
6,30,22.77035608,91.45498527
25,27,19.20090378,94.27659596
15,11,23.12808226,92.68328358
14,5,24.92639065,85.19098079
16,10,24.77464458,85.63608688
36,7,19.8671184,86.35590206
4,20,24.26601316,93.7974061
29,22,23.62600218,89.73266695
16,15,19.67832052,89.08935702
18,27,22.36509395,92.30882391
11,18,21.57936934,94.88267728
5,15,18.26233221,88.16779129
18,23,23.71028128,89.61794165
9,8,22.48720144,89.9224883
40,27,21.6602498,94.79397419
22,23,20.13037175,89.31505137
9,16,18.41164435,91.11927248
12,29,19.68291173,89.75272999
0,17,23.20242586,91.19442671
2,21,18.92157197,87.31290342
28,6,22.10621387,91.34039616
8,23,18.47412402,89.68919664
29,16,19.81069447,88.92944254
17,18,24.4880844,90.83687246
34,21,18.75927679,89.93457597
21,23,19.54128063,90.29751796
25,17,18.91251245,87.74938524
8,25,19.91330523,94.95031368
26,18,19.72620525,89.64934166
4,19,23.83185873,87.84034604
36,24,24.94467632,94.25702672
5,24,24.692258,93.87030088
19,17,24.72485577,85.56083187
39,30,20.12644921,87.59629625
5,29,21.02432943,93.0569505
4,24,22.40423537,88.1508343
38,21,20.33691147,89.38003827
37,11,24.24779615,85.56033312
9,25,24.81530144,91.90842992
29,22,19.66329768,87.95158129
5,21,22.43377991,90.3396556
22,26,22.92052307,85.12912161
4,18,22.91843172,85.40695044
21,6,24.88244467,89.39686219
29,21,23.40981539,93.13277
23,5,21.20725375,94.26304717
13,7,18.20230419,91.12282162
5,13,22.34375696,89.7870345
27,24,24.32770134,90.88292835
7,23,19.75088482,88.71691157
12,20,19.86173586,86.19740917
4,19,18.07132963,93.14554876
3,9,23.89162561,89.61850203
1,27,23.98598756,93.34236582
23,30,20.93892916,85.42912869
24,21,20.82210727,87.22815682
13,30,20.86474944,91.61793636
40,11,24.45840036,86.10874614
21,9,24.51147697,90.64498715
3,27,24.56811204,92.03009222
40,29,24.63228709,89.01574455
14,25,20.07386547,90.97819712
38,14,21.80523051,94.63612858
34,9,22.8122645,86.34233767
32,14,22.73031253,88.48567856
18,21,23.2801227,94.94330457
8,23,19.30106297,87.1775172
15,6,19.0087067,88.83768149
0,5,24.35193812,90.88612388
22,9,24.72235539,88.87651295
14,8,21.92513945,94.46485312
31,11,24.83954414,86.88738076
39,17,18.09691127,90.42177379
10,5,20.24104904,91.08706822
8,28,23.22594,94.42971362
32,13,23.50128217,92.97527546
18,9,19.44623085,89.02127045
20,27,20.51343484,92.51675903
39,25,18.90223032,94.99897537
20,7,18.90592319,89.24126808
11,10,22.63045168,88.45577158
40,18,19.38603815,86.79058496
3,26,24.38318965,91.19431555
9,16,23.77989026,92.93386903
30,20,22.59890174,93.16343942
40,9,24.37766782,85.4017118
40,30,20.89273273,91.07776977
32,25,18.09903225,85.70786282
33,23,20.00218987,85.83618191
4,14,19.85139326,89.80732335
13,17,21.25433607,92.65058936
39,24,23.65374106,93.32657504
8,28,23.88404783,86.20613842
91,94,29.36792366,76.24900101
105,95,27.33368994,83.67675197
108,92,27.40053601,82.96221306
86,76,29.3159075,80.11585705
80,77,26.05433004,79.39654531
93,94,25.86632408,84.42379269
90,92,27.00932084,80.18546798
108,89,29.55054817,78.06762846
108,88,26.28845991,83.390039
105,77,29.16226551,76.16151562
118,88,28.65003945,82.68752542
101,87,29.07311132,76.50045221
95,75,28.08166093,75.26429821
106,85,27.1994597,78.8086068
86,95,28.05484146,78.04602887
83,79,25.14748006,83.34688193
85,95,25.94019018,78.3422098
109,79,27.66752761,79.68542782
100,76,25.56703012,75.94067692
117,86,28.6956201,82.54195839
114,94,26.33544853,76.8532006
110,78,25.93730186,78.89864446
94,70,25.13686519,84.88394407
80,71,27.50527651,80.79783998
114,79,26.21009246,82.34429458
88,78,29.10403455,79.19588629
112,73,29.2440638,77.32017166
117,76,25.56202173,77.38229006
111,87,26.3985515,81.36028902
89,83,28.09577643,77.79586769
93,91,27.84767901,83.31110751
92,81,27.39341554,81.4654833
105,74,25.14517635,81.38204104
102,71,28.65456263,79.28693687
94,91,29.16093424,76.67484233
116,71,27.57278064,82.0638878
117,79,25.40909896,82.36208097
119,72,25.99069521,83.33983116
99,73,26.29039046,81.06003778
91,84,29.14827211,78.71024836
80,90,26.59743595,79.35898915
101,70,25.36059237,75.03193255
108,89,29.12036889,80.18080728
100,80,27.53911354,77.25629897
109,91,29.66727337,83.51014178
82,78,25.05802193,84.97323747
106,70,25.86824781,78.52399914
90,86,25.85036988,81.95580471
83,95,26.51682337,77.79913575
119,90,28.66725136,79.59242542
107,72,28.14938935,81.54448882
116,81,26.42313317,83.6995044
101,75,26.59386409,81.40740301
93,81,27.71822477,76.57853189
95,75,28.98333432,82.95958244
107,71,29.42017919,83.96754496
83,94,27.39872329,81.10523402
102,73,26.4020227,84.41007614
86,79,27.81251452,82.69285419
117,86,25.19640218,83.55829874
111,79,28.31193338,75.77363772
95,74,25.90113128,80.47152737
91,75,27.48612983,76.11239849
93,83,29.38254012,83.50423735
92,85,29.22118628,81.08183635
104,80,27.09062164,81.33506906
103,72,26.12643374,81.81365007
92,75,29.01207743,77.95192527
93,85,27.96799119,79.28625709
120,87,28.0764455,76.05522115
108,72,25.16278237,84.97849241
105,88,25.78749808,84.51194224
98,79,25.34119774,84.47321314
111,88,29.44795403,78.34971537
97,74,26.47522633,78.51833782
95,82,27.39489579,83.31172003
89,91,25.08347445,80.261731
89,85,26.6719835,76.48541655
118,88,25.44926208,79.49221962
101,92,28.22776705,80.6430384
99,92,28.1279509,77.48247073
82,77,28.9470467,82.1888998
90,86,27.96236771,84.15403614
95,88,28.00316034,78.90085998
104,73,29.1400919,80.1190228
102,73,27.9122104,83.36307683
100,74,25.43480512,81.53977797
94,89,28.55980972,84.51602322
99,70,26.59580783,82.99556744
112,87,27.19711623,77.3970629
117,82,25.29391516,79.29122198
96,86,29.90888522,76.98740841
113,85,27.94972463,76.63713353
105,93,25.01018457,78.76260938
85,89,29.21144871,84.70189923
108,94,27.35911627,84.54625006
92,81,28.0106804,76.52808057
110,71,28.67208915,82.20793613
82,75,27.34585147,78.4873835
117,81,29.50704598,78.20585613
2,40,29.73770045,47.54885174
39,24,33.55695561,53.72979826
21,26,27.00315545,47.67525434
25,22,33.56150184,45.53556603
0,21,35.89855625,54.25964196
20,19,34.17719782,50.62161586
19,21,30.01592643,53.19212381
18,17,31.74592134,45.16127859
11,36,35.99009679,52.22780489
30,28,31.86641378,52.19331595
18,19,27.75518664,52.34605806
23,23,34.72413192,51.4271781
37,30,27.53907547,53.63549533
11,27,27.69637763,48.5622488
12,19,27.25373364,52.66319725
3,28,30.33723921,48.88704844
37,38,31.85744939,45.53106268
26,37,35.39986338,49.45962621
14,18,29.80747243,52.13797867
40,16,34.16438906,54.16482251
4,20,28.93270187,47.94053996
36,25,27.98392787,53.33018851
30,17,31.20478173,54.49960506
28,37,32.13409675,50.52559148
38,15,28.91862016,48.13974548
12,37,31.09779147,47.41196659
38,19,34.73823882,49.08864345
8,33,29.98080499,49.48613279
15,27,33.80398664,46.12866113
34,16,30.07202564,50.96040505
11,36,27.92063282,51.77965917
33,29,31.40948821,49.21729127
12,31,35.7877738,51.94190321
12,34,33.36140093,45.02236377
5,16,35.96054636,48.69677802
1,30,28.33333307,51.39586505
16,35,32.27652024,50.19368841
35,18,31.99490489,50.84881347
4,40,27.58258929,48.56916221
9,29,29.38471637,45.88744691
2,38,32.38697531,53.2328243
26,32,30.91471455,49.92963856
34,38,35.37775595,45.58110023
5,32,32.32362177,52.5896771
31,29,28.22373428,47.40519056
34,34,27.27433181,47.16808054
36,19,27.10710832,50.70880979
7,17,34.89226666,48.75613373
38,15,33.7462686,48.50387598
5,19,27.3511056,54.43945147
37,36,32.89300162,52.61323969
21,31,35.38598705,51.42664176
37,36,27.5529736,47.90859131
23,23,32.82141065,47.45553843
36,26,30.17294105,51.0845903
24,33,29.26382931,54.82257868
26,18,32.06097197,51.08494181
22,17,28.69818144,47.71875722
11,34,29.14305008,49.40983294
29,35,28.3471611,53.53903102
22,28,27.67256197,45.41692012
23,24,28.1218093,46.16888595
1,35,30.79375683,46.69536813
2,24,28.89409382,54.80750249
39,37,33.33024826,45.61143594
15,36,27.78912455,53.96886679
3,18,31.65333432,48.20662669
8,38,29.75150773,46.73723302
33,31,31.32995611,50.22287593
14,29,35.63627319,48.97047762
18,20,31.66524687,51.98594645
9,21,32.26935342,53.56092806
20,30,27.81005614,51.59445462
9,38,34.58561471,50.34035336
26,24,31.27180992,52.23810152
31,36,33.93679864,52.72170281
14,18,31.09154239,47.02058367
40,16,31.89356292,49.02450149
28,27,32.45465292,50.69693751
0,17,35.47478322,47.97230503
1,29,27.32961444,49.30347234
2,36,30.90225239,49.95955487
12,27,29.09382275,45.5661059
7,28,30.02086169,46.78393776
0,36,34.13072188,51.25786185
26,35,33.44619894,53.05980465
27,21,35.3915464,52.48823147
22,38,31.53356352,53.06009323
22,18,30.7645515,47.93791463
28,23,30.01821337,50.0983181
7,31,31.32863689,47.59319575
29,34,33.88004781,54.39416048
8,37,28.07802689,54.9640534
39,16,35.53845018,52.94641947
40,24,28.70595247,50.44030129
19,38,31.48451729,48.77926304
21,21,27.69819273,51.41593238
22,18,30.41235793,52.48100602
31,20,32.17752026,54.01352682
18,26,32.6112614,47.74916499
24,130,29.99677232,81.54156612
13,144,30.7280404,82.42614055
22,123,32.44577836,83.88504863
36,125,37.46566825,80.65968681
24,131,22.03296178,83.74372787
2,123,39.64851881,82.21079946
35,140,16.77557314,82.75241875
11,122,12.14190714,83.56812483
6,123,12.7567962,81.62497448
17,134,39.04071989,80.18393287
25,130,39.70772192,82.68593454
27,145,9.467960445,82.29335466
9,122,29.58748357,80.91934392
16,139,17.82803682,80.96093443
32,141,8.825674745,82.89753705
22,138,27.83487131,83.51444973
31,144,11.02105378,80.55557235
3,136,17.5862944,80.84806564
28,122,19.89363946,82.73366439
4,136,29.93707596,81.77713468
39,145,36.73126647,80.58931938
38,132,20.42094753,81.54185044
36,133,25.51939719,83.98351748
25,121,30.50734778,82.71775569
15,125,18.4269936,80.55625868
24,140,12.087022,83.59398734
13,132,23.60115364,82.48336987
5,126,12.80000387,81.20876367
30,120,38.06099482,82.24729637
23,142,39.06555518,82.03812973
26,135,33.78372897,81.16314317
7,126,16.76201707,82.00335557
32,139,35.89307536,82.66850729
9,141,21.01245395,81.17931863
20,142,10.89875873,80.01639435
32,129,16.36251869,83.00471609
3,134,20.28370163,81.32235739
38,138,25.11108456,83.25447587
14,131,33.4641162,83.86742974
20,122,11.7976469,80.86325389
40,126,11.36300891,80.03100049
36,128,25.23542319,80.68700527
11,132,15.99050693,81.23966573
0,137,22.4359017,80.18612085
19,123,34.76086052,81.03544763
31,136,31.11047251,83.34010951
4,134,28.57828803,80.95628959
39,139,41.18664903,81.01783402
8,127,27.02766138,83.17093908
39,138,21.19339319,82.33098331
32,120,10.38004759,83.44518113
12,142,31.3115978,82.56407013
8,133,20.46657776,80.97598029
8,139,29.36947679,81.53996362
21,134,10.72302459,80.02130636
40,140,14.97846952,80.49979873
39,127,15.3246651,81.67215994
19,120,18.73932187,81.12109244
21,139,19.3642553,83.36094029
17,136,41.20733624,81.61051026
33,139,33.34214482,82.51034633
22,133,23.81995682,80.12211649
32,130,40.66012294,81.24995984
37,135,11.82768186,80.2827185
15,140,13.28504331,83.54193816
39,132,35.83089092,83.32560104
40,121,26.18159716,81.03886263
40,132,24.57558351,80.70695797
29,142,29.67229086,83.71498986
32,121,39.37102553,81.25353895
6,140,17.66558428,82.92903419
8,120,24.06679352,82.66396666
34,133,15.31413469,80.09711412
35,135,21.77466746,80.54942557
16,145,26.91624843,80.76838926
8,136,41.65602996,82.22118237
25,129,17.98667801,81.17712085
16,130,29.12033769,82.79092939
39,129,34.38922481,83.18392806
38,135,41.36106301,82.79782954
33,120,35.12158265,82.26890793
35,125,19.6491772,80.15215777
1,132,16.27852801,82.94270065
39,140,21.11903604,80.63399198
28,145,19.2077707,82.9042841
6,128,25.96308415,82.57813624
6,139,25.67385024,81.6212135
29,122,41.94865736,81.15595212
37,144,11.18994268,80.8084305
38,120,17.5438296,82.94703302
38,141,13.05809741,80.28297993
14,121,9.724457611,83.74765639
6,125,27.92004934,82.93262435
32,138,9.535585543,80.73112694
11,124,13.42988625,80.06633966
23,138,9.851242629,80.22631717
40,143,24.97256132,82.72828653
6,142,27.23708304,82.94573346
37,124,18.70679077,83.4795292
35,134,9.949929082,82.55138983
119,25,26.47330219,80.92254421
119,19,25.18780042,83.44621709
105,30,25.29954705,81.77527562
114,8,24.74631269,88.30866319
93,22,26.58740671,81.32563243
80,26,24.53442564,88.989272
85,27,26.0713757,88.7285657
85,22,25.96534238,89.77076659
82,22,26.22338015,85.34866045
118,13,24.41311871,89.81574032
83,25,26.49195283,80.04678201
86,15,24.04355803,84.18406764
101,10,25.5421695,83.31883376
119,9,26.74550678,83.9195902
104,17,25.7131428,80.22972777
95,12,25.76484262,84.1726996
102,14,26.79489868,89.64815231
109,21,24.9004602,89.73524177
81,18,26.80750629,88.22874955
103,17,25.11189154,80.02621335
105,14,26.2148837,87.6883982
97,8,24.9103226,86.97190046
120,19,25.79448878,84.26830701
95,16,25.26931156,87.55055105
83,29,25.76402693,87.5931128
83,9,25.85483596,89.13163965
91,21,24.33528185,81.44030363
116,5,25.37601283,80.99313508
112,28,24.86094646,85.05318563
88,29,24.71885473,88.94568335
118,15,24.21495706,84.20576992
92,21,25.81692236,82.043255
106,14,24.47018505,84.16390229
99,5,24.13078816,84.84494575
98,8,26.1793464,86.52258079
108,22,26.17668721,86.7295205
119,7,26.03867719,84.6378378
117,27,26.53259325,82.39053979
109,10,26.81938687,87.8274604
80,16,25.50405534,81.40297428
100,18,26.20234499,80.38266489
91,7,25.13735887,89.28272716
86,6,25.92030221,83.47202566
107,5,26.6634609,89.98405233
103,16,24.06731461,81.64075303
101,20,24.6774157,82.75411437
85,25,26.11440416,87.64081095
84,7,26.81530456,87.65694462
102,28,25.15623099,80.27525115
98,25,25.2801372,83.15393658
97,25,26.22005978,80.90127035
90,16,24.92093261,80.61750795
95,12,26.21667586,81.01009354
82,23,26.81383586,87.21986949
82,25,24.31334971,87.47409052
110,28,24.29105004,88.04541346
118,21,24.42998931,86.33904774
120,20,25.66576039,88.6984228
91,7,25.07803672,83.46230461
81,6,24.88910524,85.87059083
101,13,25.42900869,82.91481799
101,17,24.37118217,87.1269128
111,6,26.4930645,88.59143088
107,10,25.83202912,89.00481725
115,11,24.41592661,89.39655519
84,25,24.37190239,81.2514818
120,7,24.24782473,83.03687902
91,12,24.64458469,85.49938185
89,22,24.89681131,86.10782926
113,19,25.41864024,81.12122989
97,22,26.26028739,86.14585891
117,30,24.90123934,87.20772913
90,14,24.84740848,89.20454622
104,23,26.98212846,86.70068316
81,16,26.90435747,86.25426228
88,5,25.86475496,86.67468041
92,7,26.70607759,81.14149505
81,18,26.44019475,80.91934337
111,5,26.283443,84.42478917
108,23,26.84366082,83.85039964
113,30,26.03967219,83.9862443
83,10,24.92994759,85.00802358
101,11,25.50736962,84.24340241
114,21,25.4438391,87.9392312
99,6,26.12588914,86.5507939
92,20,25.10474753,87.5267616
92,7,26.27520631,86.63249555
91,24,26.27061608,83.09194521
110,21,26.73690828,87.82430156
112,25,25.04746944,85.5667282
89,25,24.69368934,85.56967628
100,10,24.54356968,84.60808277
83,22,25.89762315,81.96664832
95,14,26.6333118,84.31756844
119,30,25.35794749,80.45846265
97,12,25.28784623,89.63667876
110,7,26.63838589,84.69546874
96,18,25.3310446,84.30533791
83,23,26.89750174,83.89241484
120,24,26.98603693,89.4138489
115,17,27.57826922,94.11878202
114,27,27.82054812,93.03555162
101,25,29.09910406,94.22237826
118,18,28.04943594,90.83130708
95,26,29.91690582,94.55695552
81,25,29.86895762,93.25103208
117,24,29.17220859,92.21405224
114,30,29.24908541,90.06998135
113,6,27.76317235,90.35567642
108,26,28.82629037,94.26765349
81,30,28.52379742,92.09688432
115,9,29.06785065,90.97685539
83,7,29.08417927,90.73891887
84,21,28.47090661,94.79453182
109,26,28.27973674,90.38971208
95,27,28.47212559,91.21322065
119,5,29.68846716,94.30111601
110,14,27.02415146,91.66737633
82,18,29.09588297,94.16748386
87,14,29.69238699,92.58862544
85,9,28.20619412,92.86798698
100,6,29.05248036,93.92217834
107,12,29.57240298,93.61870344
91,13,29.10968327,92.43510994
102,25,28.20480805,92.91440379
117,25,29.11858526,92.12543021
85,21,29.62800691,90.10051615
104,25,29.81196601,90.36881284
102,24,27.72338349,90.93897939
116,25,29.26092798,92.92367701
100,17,29.72791119,94.29753295
110,25,28.91105641,90.78413842
104,25,28.96361426,93.88482153
107,11,28.59052369,91.33617236
98,26,27.33897716,90.69759008
88,17,29.90415889,90.75284363
87,25,27.42711692,90.02696201
120,8,29.55657523,90.70937262
95,13,29.84070774,93.76312893
108,22,28.53545677,91.72742702
82,13,27.11535046,94.86907886
120,23,27.84492803,91.60666594
110,22,29.03157242,91.82172592
95,23,27.82424457,90.56698742
106,10,27.72653142,92.00687531
99,12,28.69708334,94.30759855
106,20,29.73019662,90.97015715
83,11,29.54097171,92.91778307
117,19,28.80311922,91.78336933
98,26,27.29035669,90.53330091
113,20,27.46583649,94.87679041
101,17,29.49401389,94.72981338
98,7,27.79161808,92.51054946
93,22,29.12533739,91.52291141
95,21,27.93114233,93.56161439
109,12,29.45771748,92.12534736
118,12,27.96872279,92.17444796
100,14,29.48882958,91.07574233
89,9,29.47156259,90.77069618
95,16,27.0767265,90.14362622
95,7,27.30008597,90.80015308
87,6,29.82729394,90.79007335
93,20,29.93061247,93.22980899
84,29,29.94349168,93.90741192
111,5,28.03306461,91.47355778
111,5,29.8843055,94.0371147
111,15,27.7058373,92.91185695
89,11,29.78714005,94.65343534
110,15,28.57819995,92.86597437
95,30,29.48069921,90.33698678
115,12,27.51492243,94.96218673
120,25,28.05457761,94.81637388
102,11,29.03167341,93.12603235
94,5,28.5854649,91.89216849
84,18,27.08808014,93.42402083
107,22,27.99611732,90.84660317
80,18,27.87317436,91.14849627
86,18,28.96586565,90.71832938
113,28,28.87726019,92.48839665
115,18,29.17052093,94.19790371
82,20,29.34033587,90.01506395
98,22,29.07265321,91.91533173
117,25,28.68275966,92.50969311
83,15,28.92705913,91.39356832
120,16,27.99901833,91.64193051
111,5,27.59350075,91.79742953
85,21,29.87331077,90.60932469
90,23,28.55852465,90.45773041
99,29,29.19378695,91.46241065
102,11,27.98780984,92.78226196
80,18,28.05380704,91.81758779
87,21,27.3506296,94.2911951
114,8,29.34081108,94.5513539
99,6,28.61475136,94.22253035
89,25,27.04863538,91.34685096
96,13,29.5275305,94.57459443
82,26,28.50416396,93.46806467
106,21,28.89578588,94.78993038
90,15,27.04927452,91.3821731
106,16,28.96017885,91.69532178
24,128,22.75088787,90.69489172
7,144,23.8494014,94.34814995
14,128,22.60800988,94.58900601
8,120,21.18667419,91.13435689
20,129,23.41044706,91.69913296
32,137,22.86006627,93.12859895
27,139,22.48403042,93.40819246
0,123,22.02775403,92.96129462
22,144,21.91191314,91.68748063
1,124,23.71059131,93.27392415
30,122,21.37784654,92.72043743
29,121,22.84852833,94.32130209
13,126,23.1094265,92.79630809
9,139,23.25230817,94.54128292
0,133,23.67287749,90.4935574
30,143,23.76881552,90.59810302
36,140,23.34386401,91.47684705
37,137,22.63946441,90.18451645
33,121,22.45696744,94.76285385
7,144,22.96388477,93.58065995
35,128,21.07273439,93.56585985
29,128,22.44075021,92.70785115
2,143,22.71271308,90.45261746
34,140,21.70416965,93.44006288
29,144,22.43324518,92.48667725
32,141,21.25941052,92.84416234
13,144,22.9215706,94.89613443
25,143,22.81212536,91.51861705
9,137,21.12152071,90.6878768
6,144,21.11478672,90.31528693
37,126,23.59997268,90.97597665
2,120,23.12652652,94.71203306
11,143,22.98458907,93.3204487
10,141,22.12659387,90.97818277
24,142,22.53779727,91.48135786
23,138,22.49095104,91.70292746
18,125,22.35548159,94.47811755
13,121,22.20700989,93.50574163
26,122,22.44516988,94.73763514
28,123,22.76643029,92.12438519
26,121,22.19109412,90.02575116
21,137,23.6119202,91.70293849
21,135,23.86087054,94.92048112
5,144,21.42177231,92.62665309
2,123,22.36629253,90.78572467
15,133,23.99686172,91.61001707
31,130,21.80129837,92.73446667
25,143,23.80436344,92.80441624
16,143,23.71475278,91.53331177
19,122,23.34467359,90.37981478
10,125,22.31253665,90.03577124
20,139,23.50201428,92.21083961
28,123,23.46260321,91.45665004
28,136,23.06204373,92.39544055
2,131,22.47420512,91.22759742
2,140,22.69780133,92.82223419
27,138,23.66682067,93.90191078
30,127,22.50050273,92.45878335
32,145,23.83053666,90.84422164
29,139,23.64142354,93.74461474
26,126,21.41363812,92.99124545
40,136,22.85267372,94.5764581
6,124,22.98208095,93.84505029
35,138,21.19909519,90.80819418
17,136,23.87192332,90.49939035
33,134,21.0365275,94.33919546
16,143,22.61711614,93.51978375
27,120,21.45278675,90.74531921
29,145,22.81227579,92.12992101
3,141,21.98141856,91.12719303
15,123,22.52709326,92.54780429
5,136,22.35628673,91.92360477
10,136,21.19852186,92.15595143
7,141,23.8812458,93.45067555
2,129,22.78234161,94.36803516
29,138,22.19055385,92.43764169
30,137,22.91430043,90.70475565
29,132,23.08950736,90.22507299
14,139,21.72484506,92.83975602
18,125,22.44307715,91.59234006
33,143,21.1316077,91.95769858
40,144,22.71750705,92.25479855
9,143,23.75033085,92.88160462
38,135,23.76121837,93.661643
28,130,22.13450646,94.67695747
35,142,21.17089176,90.23730166
12,129,22.36238282,91.15761594
1,135,22.77856513,92.70124029
0,145,21.22503442,90.09877774
31,121,23.15791104,90.34396882
35,131,22.42776057,93.91722423
29,140,23.64082979,90.95257927
33,138,22.29423493,90.69033986
14,140,23.35225078,90.90054697
35,145,22.03911546,94.58075845
40,120,23.80593812,92.48879468
25,132,22.31944084,90.85174383
31,137,22.14464104,93.82567435
36,144,23.65167552,94.50528753
10,140,22.16939473,90.27185592
22,30,15.78144173,92.51077745
37,6,26.03097313,91.50819306
27,13,13.36050601,91.35608208
7,16,18.87957654,92.04304496
20,7,29.47741671,91.57802915
26,27,28.06903173,92.91487288
5,23,25.66901098,92.04670813
0,18,29.77149434,92.00719952
39,24,30.55472573,90.90343769
13,23,23.96147583,90.26408017
21,17,23.98289638,91.5473145
33,12,25.26052689,90.31153735
6,9,31.08368929,90.14362642
19,7,14.78003032,91.22062116
24,18,26.56608303,94.45239715
9,11,24.85903405,94.39000473
31,8,34.51465139,93.63812684
22,17,24.12188673,90.72351622
13,5,23.85340379,90.10522549
16,8,24.60297538,91.28408653
4,13,15.63211033,94.25966183
0,25,19.33516809,91.97978938
8,7,28.2620488,91.98317355
4,23,22.67594476,93.36348717
33,14,21.03200078,92.9641969
30,7,33.23453301,91.06053924
21,29,22.30318989,92.15987039
11,14,11.50322938,94.8933184
9,8,14.34320488,94.35734702
5,18,33.1056981,93.48447453
29,25,30.49183837,90.4582865
33,12,30.25578031,92.03272799
8,16,12.22816189,90.26457428
15,14,10.01081312,90.22399223
16,7,22.79196751,90.60901895
0,12,20.18432263,90.65458473
5,25,30.72119881,94.01331956
6,8,24.35590861,92.39651663
10,5,21.21306973,91.35349216
1,17,10.78689755,91.38411917
1,30,11.89925671,91.34663797
0,23,22.56664172,93.37488907
24,27,18.86883219,93.24688124
36,11,17.34083741,93.04897191
40,21,34.90665289,92.87820148
40,22,24.53610067,91.90997228
32,18,13.8377282,91.74780462
9,10,22.3551049,93.52211892
13,16,34.74004942,93.12316972
15,9,11.54785707,94.14861001
29,11,23.13338811,91.94670335
1,15,29.98364695,94.55239717
18,5,20.87947369,90.93756231
14,22,17.24944623,91.13772765
33,15,15.83388699,91.68293851
4,6,23.01014302,91.11764246
17,16,16.39624284,92.18151927
12,20,24.45132792,93.10527686
34,29,31.87859192,91.15248149
39,28,31.34920143,91.48247612
31,25,18.05142392,90.03969587
12,6,30.84835031,92.86773675
12,29,22.45616931,91.52781832
26,11,13.70319166,90.95589386
19,24,20.48954522,93.72485075
39,21,13.20844373,94.02769434
16,29,32.31944397,93.67804556
36,29,20.68185224,90.91510525
37,23,31.52675982,90.50621806
39,9,25.35467646,91.81183218
31,5,17.66545409,91.69865887
18,12,12.59093977,91.81668769
20,20,11.86631922,93.68394562
5,8,11.03367937,92.22706805
20,8,25.2990432,94.96419851
25,21,32.23797837,90.15406807
14,19,17.68408797,94.35815354
37,18,10.2708877,90.19147747
26,15,17.22034507,94.78797376
13,22,19.667056,90.50096668
32,25,10.35609594,93.75652041
19,7,27.255435,91.71369387
28,7,34.5917846,92.13229786
24,30,32.39523995,94.51768464
7,17,10.16431299,91.22320999
18,23,21.49118657,93.43949693
7,20,16.53460397,94.76759975
20,23,31.8520694,90.12220323
18,14,28.04799508,90.00621688
34,11,31.75048899,94.59551226
20,29,29.07412717,93.27189064
37,24,19.14381903,90.71037456
12,8,16.14820285,91.4448027
34,10,34.05296914,92.05811721
6,13,34.51423957,90.56151463
27,30,32.71748548,90.54608254
13,8,25.16296632,92.54736032
6,7,27.68167318,94.47316879
40,17,21.35093384,90.9492967
31,26,11.69894639,93.25638873
61,68,35.21462816,91.49725058
58,46,42.39413392,90.79028064
45,47,38.4191628,91.14220381
39,65,35.33294932,92.11508608
31,68,42.92325255,90.07600528
70,68,33.83508569,92.85470152
68,62,33.20258348,92.76437927
34,65,23.48546973,93.71043692
38,68,29.33710543,90.81781439
69,64,40.21199348,94.50766912
58,51,42.13473976,91.70445386
59,47,32.86316618,91.4618874
44,64,29.80744318,91.38048469
56,57,31.56213762,93.0484859
69,60,36.32268069,93.06134398
56,58,37.13165026,94.60761797
49,55,38.4418717,93.63739039
38,51,32.66160599,90.78931681
54,65,27.92765919,91.55594211
57,57,39.01793345,91.48815629
39,52,32.51247398,94.65904123
58,67,38.72382798,91.72514851
61,64,43.30204933,92.83405443
34,62,27.58548913,90.72526502
31,48,40.78881819,92.90951393
47,46,23.19451074,91.40301608
32,68,32.68067385,92.61715632
36,59,34.28879307,93.61082872
61,51,39.30050027,94.16193416
70,54,39.73149053,91.12220596
44,56,39.23342464,91.25589286
34,68,27.34734861,94.17756725
50,59,40.76998685,92.09278584
39,70,26.26559543,90.79668055
34,61,28.12971499,93.3210737
44,60,34.2804607,90.55561637
31,62,33.7960155,93.00754254
65,62,31.53243779,90.87394933
44,57,42.30495821,90.51431779
50,47,24.63676897,90.61964344
43,50,28.28222883,91.37059792
60,46,24.48620746,92.98254537
70,68,42.84609252,94.63548176
59,62,43.67549305,93.10887229
60,58,42.07213781,92.92203105
42,60,33.46873719,92.12746225
35,66,31.7018373,91.66232213
34,65,41.41968393,90.03863107
36,54,42.54744013,94.94482086
39,64,28.91842453,94.63676767
37,52,43.08022702,93.90305729
33,47,29.20300896,93.96834049
34,48,41.04224355,91.37258067
49,54,25.62446619,93.18240298
40,65,35.32876402,91.06138506
68,52,24.42561272,92.27749066
50,46,31.18298415,90.21646909
65,63,31.88342554,91.3256535
40,49,42.93368602,91.1756748
42,53,23.11407669,94.31994776
49,55,24.87212063,93.90560147
59,62,43.36051537,93.35191636
63,58,26.83054058,90.75379971
70,65,30.42012134,93.12659793
63,50,28.64555584,93.22642604
40,64,32.50037548,93.47888842
63,58,43.03714283,94.6428898
45,58,30.10773379,90.34546355
66,69,23.69212243,93.61055571
54,67,35.67667332,93.30641944
69,67,27.71948962,94.43877142
67,68,35.26824831,92.38282957
45,57,23.16855863,90.78821158
56,50,33.08706051,92.25197542
70,50,37.4620912,90.44967809
44,47,38.73218907,94.73613484
50,60,32.57720726,92.74889453
52,51,38.38231475,93.10378595
35,68,42.93605359,90.09448142
68,69,25.65492304,92.74501561
32,55,37.58899717,91.99740365
32,55,29.60718808,93.15642801
48,62,25.34756111,93.02871078
39,69,25.9300384,93.02357765
49,61,32.76795887,94.57377401
48,57,29.02328049,90.20396783
69,66,40.00439101,90.17015833
53,55,33.32315744,91.25271223
38,61,31.22790131,94.94021378
57,64,26.68386496,92.9585411
51,57,24.70528368,90.14732171
56,65,38.2016825,93.97379963
54,66,36.56769731,93.79503425
58,55,26.05375792,93.69111672
68,70,31.29986342,92.76039164
42,59,40.10207731,94.35110201
43,64,38.58954491,91.58076549
35,67,41.31330062,91.1508798
56,59,37.03551903,91.79430166
39,64,23.0124018,91.07355541
18,30,26.7627493,92.86056895
37,23,25.61294367,94.3138837
13,28,28.130115,95.64807631
2,21,25.02887163,91.53720922
10,18,27.79797651,99.64573002
7,11,29.25902906,95.11294697
39,5,27.10134661,93.69979946
34,6,25.84726298,90.92669463
31,30,26.58580443,90.98617591
25,7,28.38503882,99.18843684
16,18,28.43647052,91.81320717
26,10,28.27298134,96.93649473
27,8,27.00648436,96.46168931
37,18,27.63551259,99.34854917
19,15,26.29644905,99.65809151
0,19,27.1326009,95.23797989
31,20,25.56567803,97.61361544
9,17,25.94951662,93.40548703
22,11,28.03380598,95.01630593
31,6,29.12859129,91.30924833
34,6,27.0828252,97.00155491
24,6,28.11321494,90.01734526
1,8,27.5136304,94.18955816
31,13,27.63834933,95.48763389
10,9,29.01256899,94.01014388
36,27,26.58413917,95.78923137
38,24,28.28905147,97.00396405
11,6,28.69164799,96.65248672
16,14,29.70931288,96.30484325
33,14,27.14865285,96.66355213
16,6,29.28725038,91.95614918
32,11,25.06871967,93.31410447
38,14,26.92449525,91.20106019
8,6,28.27804288,93.64761266
23,6,29.18032562,92.73041222
29,25,28.3575072,91.64509299
24,14,29.38072512,93.27565685
32,12,25.39241091,98.08951196
30,25,26.31270635,98.62048026
14,21,29.52501367,91.91185319
27,22,28.83214859,92.17170353
40,5,28.48444906,97.76865458
17,11,28.74013335,93.39676499
30,30,25.00872392,95.59224018
28,10,29.8690834,91.14723422
39,7,27.54273211,94.59086121
32,20,26.52166434,98.38227669
7,15,25.03512351,95.89739958
29,17,29.20394909,95.66997327
34,15,27.05826457,91.10510371
14,23,26.18552389,96.96637916
18,19,27.59376845,92.48519606
7,21,25.76011662,94.65830608
24,27,28.87862994,95.11320315
39,29,26.50908611,94.48414544
29,8,26.87037587,91.72546257
10,24,27.57283516,94.90485697
0,29,28.05912437,98.3670985
32,11,29.51611558,92.56492864
37,10,28.96318258,95.16333673
20,29,25.09897688,92.36099489
31,29,27.1872282,92.19906776
17,30,29.03065024,90.79093862
1,12,27.754298,95.94643831
6,13,27.31155708,99.96906006
15,28,28.84270971,99.64328526
27,24,26.61423461,96.97300803
3,23,29.70143197,95.65754365
8,26,25.54759871,91.64194826
20,28,26.37978453,91.49882979
26,18,27.45907759,92.90736493
1,6,27.02269204,95.71935435
27,30,28.98545306,90.73966792
23,7,26.1055118,91.52421214
0,26,25.0707247,95.02156793
38,6,25.54963273,96.92786777
25,12,28.56973521,95.67906668
40,5,26.07010807,96.7036223
0,19,25.51791333,94.38420565
26,9,25.9490364,94.73860514
35,30,28.2974764,95.41122824
19,30,29.56549169,91.40896307
31,13,29.69952329,95.21224392
17,29,26.14162144,93.28415295
2,30,26.00175125,94.79998418
30,13,27.15116142,91.48889469
8,15,28.97318719,98.09861043
18,12,26.13958446,96.38580769
8,28,25.51618488,94.33465411
40,22,27.55821802,99.98187601
27,10,27.81132822,97.48410555
21,20,25.60033702,99.7240104
3,9,26.91641934,99.84671638
22,16,29.1797902,90.27214288
27,8,26.44600063,98.29937782
22,8,28.43572863,95.8840407
28,27,28.94099669,93.00109012
23,21,26.45488737,93.45042636
37,5,25.79490531,93.84150618
19,26,26.93141945,98.80313612
133,47,24.40228894,79.19732001
136,36,23.09595631,84.86275707
104,47,23.9656349,76.97696717
133,47,24.88738107,75.62137159
126,38,25.36243778,83.63276077
126,50,24.69457084,81.7358876
113,41,25.0017188,80.53965818
121,45,22.45942937,81.30681027
121,47,23.60564038,79.29573149
129,60,24.58453146,79.12404171
107,45,23.0865933,83.55546146
122,59,23.5000992,83.63488952
140,38,24.1472953,75.88298598
102,49,24.69315538,84.84422454
111,40,24.484692,84.44932014
131,35,24.49112609,82.24415809
135,43,23.47986888,81.73049149
100,46,24.18586246,76.04203958
123,39,25.00755095,78.17952126
117,56,25.99237426,77.0543546
121,36,23.66457347,81.69105088
101,58,25.66891439,81.38103349
107,42,22.04612876,84.62978302
100,41,22.4204752,84.55794703
125,39,25.03149561,82.21276599
105,60,23.53371386,77.21705554
102,46,22.77076388,82.5993307
131,49,25.49848236,79.9751579
139,35,25.248679,83.4630147
108,36,22.78249615,77.51235009
118,45,23.37044424,77.43198948
107,51,24.86560781,78.22080815
125,60,24.14386157,84.51591287
113,37,25.03300222,79.04368718
131,52,23.65724079,84.47601498
115,48,25.54359718,84.09229796
113,38,22.00085141,79.47270984
111,41,23.64328417,78.1258666
111,53,23.96436009,78.02763149
122,48,24.65425757,75.6350708
108,46,24.3017998,84.87668973
132,41,24.29144926,81.02453404
103,42,24.29470232,84.61527627
133,50,25.72180042,81.19666206
127,37,24.87663664,76.30050373
110,39,22.60612115,77.34264002
131,38,23.86814008,75.68339729
108,38,23.41022496,76.43836957
122,40,24.96440768,81.31677618
111,50,25.16820129,80.30351815
140,40,22.72767171,77.07598065
100,40,22.45145981,76.25674874
123,50,23.04920461,75.53835214
107,36,25.29250148,75.66653335
118,50,22.95604064,82.33733678
103,51,22.80213132,84.14668447
133,57,23.54234715,75.98203329
129,47,24.41212325,80.80343786
116,52,22.94276687,75.37170612
114,40,25.53676123,81.13668716
131,60,25.32023717,81.79475917
107,43,22.426733,81.53480799
123,44,25.78544484,75.00539324
112,49,25.68959532,77.90621048
119,44,22.14593688,82.8597549
130,59,25.07278712,82.50257909
127,53,22.21506982,76.17851932
134,52,23.9643129,76.59175937
109,36,25.40059227,76.53237965
100,48,23.7805123,83.03878838
132,52,24.16402322,76.7433897
102,37,25.31468463,77.91757121
111,39,22.60361557,80.3509046
117,51,22.9535715,78.71555832
136,36,22.74446976,80.41198458
134,56,23.80834611,83.91902605
112,54,25.46228792,81.56641891
105,56,25.96779712,81.97904282
140,45,25.5308271,80.04662756
126,46,24.43847399,81.69801729
106,49,23.03887865,76.47039772
121,53,23.51308653,76.72621429
108,60,22.75805656,76.75768356
116,56,24.71252544,77.7293114
100,52,23.45969093,82.44777468
129,43,25.5503704,77.85055621
118,44,22.08458267,82.82904143
117,43,24.68854799,78.51206972
126,37,25.84997269,84.16855231
120,48,22.46054478,75.40989245
102,45,23.65629976,77.52425987
131,56,22.00817088,81.83896111
114,40,24.32630461,80.13456404
101,37,22.92360984,82.68738535
106,46,23.43821725,78.63388824
113,38,22.10718988,78.58320116
102,53,23.03814028,76.11021529
110,39,24.54795322,75.39752705
107,58,23.73868041,75.77503808
120,60,22.31871914,83.86129998
89,47,25.52468965,72.24850829
60,37,26.59104992,82.94164078
63,41,25.29781791,86.8870535
86,40,25.72100868,88.16513579
96,41,23.58419277,72.00460848
100,35,25.31042337,72.01364411
63,37,23.41798979,85.08640476
70,43,24.35564134,88.80391021
67,55,26.284017,75.14640198
74,40,25.13842773,83.12053888
89,53,24.88692811,71.91711523
74,46,25.75734909,88.36668522
89,41,23.12844351,74.68322732
60,55,24.9949957,88.95692783
67,43,25.21622704,70.88259632
70,38,24.39736241,79.26861738
74,49,23.31410442,71.4509053
90,40,25.72668885,81.86171563
82,35,26.96656378,78.21047693
73,45,23.70467146,74.63745355
85,53,24.90075709,73.84186449
81,56,23.39605743,72.60512854
84,55,26.8748389,79.78725152
80,45,23.1426498,74.99739774
76,54,24.29496635,77.62976013
76,56,24.39459498,89.89106506
81,40,25.7629429,80.76238215
76,44,25.4879684,84.48235878
69,47,25.37122686,76.2403666
82,40,26.21312799,81.70476368
69,57,24.30748599,78.54340987
81,36,23.76554749,87.98329901
67,60,24.79853023,78.53037059
72,51,23.20683504,74.09956958
65,39,23.66805429,70.89000744
78,50,25.12417673,85.72530641
77,52,23.89069041,83.46409075
89,52,23.09433785,81.45139295
62,49,24.21744605,82.85284045
90,48,24.06475727,71.31342851
66,47,24.85441411,74.4407048
80,52,26.41915161,76.85691248
89,52,24.89326318,77.01222585
77,51,23.25583402,82.7015932
94,37,24.7634518,87.06071115
75,41,24.97042599,78.62697699
60,55,26.12797248,80.49172597
62,56,25.97825807,81.65769588
84,40,26.2830571,73.35763537
100,56,26.38905406,83.31240346
75,56,25.2746335,73.7459581
78,46,23.09499564,78.45959697
82,48,25.79351957,81.76904006
100,58,23.17403323,87.88255345
88,50,25.63215038,79.95150917
67,41,25.848795,87.81661683
72,42,26.56767277,80.90424543
89,40,26.24532085,72.97198375
89,57,26.91515043,73.19897535
61,41,24.36972377,82.11319791
79,45,25.71901283,79.15532398
84,40,25.01157559,88.3313023
98,43,25.40785911,76.44048625
75,36,23.28081,74.27607475
89,58,23.98651719,82.09053379
91,41,24.48556447,83.20630007
77,48,25.86705009,84.09985284
66,58,23.5643831,79.46283115
62,59,24.2248758,74.89465426
82,35,25.49386782,86.97061481
61,41,24.97178693,79.47557931
99,57,24.80624984,82.09281674
70,42,23.16814977,76.66724969
90,59,24.25133493,89.86454053
73,43,26.58361011,78.00774772
67,46,26.82489244,78.20392774
84,37,25.49674786,81.13449097
72,41,24.09874353,80.57226761
71,56,23.18866654,86.20899734
64,53,26.24347471,78.51063754
65,54,23.75091572,71.14782585
60,58,26.13871511,79.1188943
86,39,26.14576648,71.23690851
90,50,26.91643698,73.48655995
91,38,26.5232969,77.17331847
87,48,23.81579631,80.94023552
72,41,26.50838667,86.84264005
71,54,26.63952463,70.95705996
82,46,23.3250131,79.79609448
71,52,26.47549543,73.96164569
80,43,23.78756036,74.36794079
77,55,25.49941707,75.99987588
95,57,23.24925555,73.65346838
63,47,26.98582182,89.05587886
93,43,23.61475336,86.14290267
87,44,23.87484465,86.79261344
88,52,23.92887902,88.07112278
90,39,24.81441246,81.68688879
90,39,24.44743944,82.286484
84,38,26.57421679,73.81994896
91,21,26.33377983,57.36469955
107,21,26.45288458,55.32222678
83,38,25.70822684,52.88667115
108,24,24.12832546,56.18107663
116,28,23.44372334,60.39523266
116,23,23.4123707,52.26994674
109,31,23.05951896,50.40609436
89,25,23.07895447,63.65861483
118,18,27.6496114,51.11044023
111,32,25.46743689,69.35161206
84,36,26.7350622,55.55164819
85,33,26.20811417,52.50987966
99,15,27.0424167,57.27927475
81,30,24.65090184,51.93952357
95,39,27.35152643,55.99375012
81,34,25.17787724,62.26244581
80,15,23.11438731,68.00096043
104,20,27.22783677,52.95261751
109,29,23.26316991,60.5160021
100,32,25.234661,57.53161469
100,24,25.59535262,57.72920846
83,21,25.5674832,60.49244602
120,23,25.67324193,51.29043632
104,26,24.40726724,62.65692638
108,33,23.69287069,66.76090123
91,25,24.53460016,66.99765375
86,26,27.13140403,52.89368299
98,18,27.56088634,68.49299897
111,27,23.59302313,55.27564977
84,39,23.17714381,52.13864034
98,27,24.71384065,51.29142534
118,21,24.38534644,64.72543073
103,27,27.15998538,51.59100753
82,24,26.53543168,67.09608099
86,31,27.01207284,60.76645256
88,35,27.55906475,58.45742907
84,27,23.32293161,53.00366334
120,40,24.23850608,54.30329632
106,40,23.42611644,64.10651528
113,21,26.02241444,55.83288958
117,34,24.83846178,56.7685316
80,30,26.24092174,65.64381357
88,21,24.43011925,66.02411187
113,33,26.00373964,62.1445102
87,23,26.22367404,62.26594559
113,15,27.09617155,63.55324262
98,29,25.64004392,61.03273481
97,29,27.74576987,54.36976075
85,35,26.24928198,54.28617819
82,29,26.67377159,52.24226285
103,33,27.10210397,55.7497332
112,17,27.62975458,61.26002598
99,19,27.5364547,55.51673151
120,20,23.56960509,50.56339727
114,27,24.99451759,57.93250202
100,40,27.56441788,54.41094079
108,35,23.98143338,61.10935084
115,31,24.22984659,67.37768353
87,28,25.60153969,68.66257977
82,24,24.31274458,53.57285558
94,26,26.36629861,52.25738495
87,28,26.5602777,57.1621814
118,40,26.35034208,58.50650238
87,38,25.20406808,57.88370456
92,40,23.35723208,55.18792166
97,22,23.60567546,59.68849145
99,40,24.18471151,69.94807345
89,28,26.44414097,53.83876189
112,39,26.12492233,63.37479229
111,28,27.77363343,64.47858698
114,20,25.55656667,62.67087838
117,26,27.92374437,67.96910852
111,29,26.05968403,52.31098539
119,30,26.35770906,64.57578034
116,40,24.91370487,54.15319242
95,37,27.31317116,68.4233391
86,40,26.1387869,52.26311691
117,37,23.1069385,67.06230539
105,18,23.52648086,68.44030686
109,23,25.11711046,68.48030408
80,18,24.02952505,58.84880599
101,31,26.70897548,69.71184111
103,33,26.71717393,50.50148528
93,26,24.59245684,56.46829641
104,35,27.51006055,50.66687215
116,36,27.57847581,58.52534263
107,38,26.65069302,57.56695719
101,33,26.97251562,62.0183627
107,31,23.17124551,52.97841162
99,16,23.52652084,65.44340921
103,40,27.30901814,55.196224
118,31,27.54823036,62.88179198
106,21,25.627355,57.04151119
116,38,23.29250318,50.04557009
97,35,24.91461008,53.74144743
107,34,26.77463708,66.4132686
99,15,27.41711238,56.63636248
118,33,24.13179691,67.22512329
117,32,26.2724184,52.12739421
104,18,23.60301571,60.39647474
